climate_bin,yield_25th,yield_50th,yield_75th,yield_95th
1,4.029544,4.7121,5.715374,9.196545
2,4.646311,6.044316,7.013581,8.174218
3,3.092738,6.315693,7.384756,9.417693
