climate_bin,yield_ceiling,yield_ceiling_rf,b_nut,b_K2O,c_N,c_P2O5,c_K2O
1,9.8812,1,0.61659,0.52989,0.0074887,0.034892,0.037671
2,10.0349,1,0.60984,0.54785,0.0041851,0.034892,0.035165
3,9.9485,4.9799,0.6267,0.57391,0.0044714,0.034892,0.045762
